scf_total_energy_au,homo_energy_eV,lumo_energy_eV,homo_lumo_gap_eV,homo_minus1_energy_eV,lumo_plus1_energy_eV,dipole_x_debye,dipole_y_debye,dipole_z_debye,dipole_magnitude_debye,polarizability_iso_au,polarizability_aniso_au,max_mulliken_charge,min_mulliken_charge,sum_mulliken_charges,mol_mass_amu,num_atoms,num_electrons,spin_multiplicity,charge,scf_iterations,molecule
,,,,,,,,,,,,,,,,,,1,0,,1155_ammoniadimer09
,,,,,,,,,,,,,,,,,,1,0,,1156_ammoniadimer10
,,,,,,,,,,,,,,,,,,1,0,,1157_ammoniadimer12
,,,,,,,,,,,,,,,,,,1,0,,1158_ammoniadimer15
,,,,,,,,,,,,,,,,,,1,0,,1159_ammoniadimer20
,,,,,,,,,,,,,,,,,,1,0,,1160_waterdimer09
,,,,,,,,,,,,,,,,,,1,0,,1161_waterdimer10
,,,,,,,,,,,,,,,,,,1,0,,1162_waterdimer12
,,,,,,,,,,,,,,,,,,1,0,,1163_waterdimer15
,,,,,,,,,,,,,,,,,,1,0,,1164_waterdimer20
,,,,,,,,,,,,,,,,,,1,0,,1165_formicaciddimer09
,,,,,,,,,,,,,,,,,,1,0,,1166_formicaciddimer10
,,,,,,,,,,,,,,,,,,1,0,,1167_formicaciddimer12
,,,,,,,,,,,,,,,,,,1,0,,1168_formicaciddimer15
,,,,,,,,,,,,,,,,,,1,0,,1169_formicaciddimer20
,,,,,,,,,,,,,,,,,,1,0,,1170_formamidedimer09
,,,,,,,,,,,,,,,,,,1,0,,1171_formamidedimer10
,,,,,,,,,,,,,,,,,,1,0,,1172_formamidedimer12
,,,,,,,,,,,,,,,,,,1,0,,1173_formamidedimer15
,,,,,,,,,,,,,,,,,,1,0,,1174_formamidedimer20
,,,,,,,,,,,,,,,,,,1,0,,1175_uracildimerHB09
,,,,,,,,,,,,,,,,,,1,0,,1176_uracildimerHB10
,,,,,,,,,,,,,,,,,,1,0,,1177_uracildimerHB12
,,,,,,,,,,,,,,,,,,1,0,,1178_uracildimerHB15
,,,,,,,,,,,,,,,,,,1,0,,1179_uracildimerHB20
,,,,,,,,,,,,,,,,,,1,0,,1180_2pyridoxine2aminopyridine09
,,,,,,,,,,,,,,,,,,1,0,,1181_2pyridoxine2aminopyridine10
,,,,,,,,,,,,,,,,,,1,0,,1182_2pyridoxine2aminopyridine12
,,,,,,,,,,,,,,,,,,1,0,,1183_2pyridoxine2aminopyridine15
,,,,,,,,,,,,,,,,,,1,0,,1184_2pyridoxine2aminopyridine20
,,,,,,,,,,,,,,,,,,1,0,,1185_adeninethymineWC09
,,,,,,,,,,,,,,,,,,1,0,,1186_adeninethymineWC10
,,,,,,,,,,,,,,,,,,1,0,,1187_adeninethymineWC12
,,,,,,,,,,,,,,,,,,1,0,,1188_adeninethymineWC15
,,,,,,,,,,,,,,,,,,1,0,,1189_adeninethymineWC20
,,,,,,,,,,,,,,,,,,1,0,,1190_methanedimer09
,,,,,,,,,,,,,,,,,,1,0,,1191_methanedimer10
,,,,,,,,,,,,,,,,,,1,0,,1192_methanedimer12
,,,,,,,,,,,,,,,,,,1,0,,1193_methanedimer15
,,,,,,,,,,,,,,,,,,1,0,,1194_methanedimer20
,,,,,,,,,,,,,,,,,,1,0,,1195_ethenedimer09
,,,,,,,,,,,,,,,,,,1,0,,1196_ethenedimer10
,,,,,,,,,,,,,,,,,,1,0,,1197_ethenedimer12
,,,,,,,,,,,,,,,,,,1,0,,1198_ethenedimer15
,,,,,,,,,,,,,,,,,,1,0,,1199_ethenedimer20
,,,,,,,,,,,,,,,,,,1,0,,1200_benzenemethane09
,,,,,,,,,,,,,,,,,,1,0,,1201_benzenemethane10
,,,,,,,,,,,,,,,,,,1,0,,1202_benzenemethane12
,,,,,,,,,,,,,,,,,,1,0,,1203_benzenemethane15
,,,,,,,,,,,,,,,,,,1,0,,1204_benzenemethane20
,,,,,,,,,,,,,,,,,,1,0,,1205_benzenedimerstack09
,,,,,,,,,,,,,,,,,,1,0,,1206_benzenedimerstack10
,,,,,,,,,,,,,,,,,,1,0,,1207_benzenedimerstack12
,,,,,,,,,,,,,,,,,,1,0,,1208_benzenedimerstack15
,,,,,,,,,,,,,,,,,,1,0,,1209_benzenedimerstack20
,,,,,,,,,,,,,,,,,,1,0,,1210_pyrazinedimer09
,,,,,,,,,,,,,,,,,,1,0,,1211_pyrazinedimer10
,,,,,,,,,,,,,,,,,,1,0,,1212_pyrazinedimer12
,,,,,,,,,,,,,,,,,,1,0,,1213_pyrazinedimer15
,,,,,,,,,,,,,,,,,,1,0,,1214_pyrazinedimer20
,,,,,,,,,,,,,,,,,,1,0,,1215_uracildimerstack09
,,,,,,,,,,,,,,,,,,1,0,,1216_uracildimerstack10
,,,,,,,,,,,,,,,,,,1,0,,1217_uracildimerstack12
,,,,,,,,,,,,,,,,,,1,0,,1218_uracildimerstack15
,,,,,,,,,,,,,,,,,,1,0,,1219_uracildimerstack20
,,,,,,,,,,,,,,,,,,1,0,,1220_indolebenzenestack09
,,,,,,,,,,,,,,,,,,1,0,,1221_indolebenzenestack10
,,,,,,,,,,,,,,,,,,1,0,,1222_indolebenzenestack12
,,,,,,,,,,,,,,,,,,1,0,,1223_indolebenzenestack15
,,,,,,,,,,,,,,,,,,1,0,,1224_indolebenzenestack20
,,,,,,,,,,,,,,,,,,1,0,,1225_adeninethyminestack09
,,,,,,,,,,,,,,,,,,1,0,,1226_adeninethyminestack10
,,,,,,,,,,,,,,,,,,1,0,,1227_adeninethyminestack12
,,,,,,,,,,,,,,,,,,1,0,,1228_adeninethyminestack15
,,,,,,,,,,,,,,,,,,1,0,,1229_adeninethyminestack20
,,,,,,,,,,,,,,,,,,1,0,,1230_etheneethyne09
,,,,,,,,,,,,,,,,,,1,0,,1231_etheneethyne10
,,,,,,,,,,,,,,,,,,1,0,,1232_etheneethyne12
,,,,,,,,,,,,,,,,,,1,0,,1233_etheneethyne15
,,,,,,,,,,,,,,,,,,1,0,,1234_etheneethyne20
,,,,,,,,,,,,,,,,,,1,0,,1235_benzenewater09
,,,,,,,,,,,,,,,,,,1,0,,1236_benzenewater10
,,,,,,,,,,,,,,,,,,1,0,,1237_benzenewater12
,,,,,,,,,,,,,,,,,,1,0,,1238_benzenewater15
,,,,,,,,,,,,,,,,,,1,0,,1239_benzenewater20
,,,,,,,,,,,,,,,,,,1,0,,1240_benzeneammonia09
,,,,,,,,,,,,,,,,,,1,0,,1241_benzeneammonia10
,,,,,,,,,,,,,,,,,,1,0,,1242_benzeneammonia12
,,,,,,,,,,,,,,,,,,1,0,,1243_benzeneammonia15
,,,,,,,,,,,,,,,,,,1,0,,1244_benzeneammonia20
,,,,,,,,,,,,,,,,,,1,0,,1245_benzeneHCN09
,,,,,,,,,,,,,,,,,,1,0,,1246_benzeneHCN10
,,,,,,,,,,,,,,,,,,1,0,,1247_benzeneHCN12
,,,,,,,,,,,,,,,,,,1,0,,1248_benzeneHCN15
,,,,,,,,,,,,,,,,,,1,0,,1249_benzeneHCN20
,,,,,,,,,,,,,,,,,,1,0,,1250_benzenedimerTshape09
,,,,,,,,,,,,,,,,,,1,0,,1251_benzenedimerTshape10
,,,,,,,,,,,,,,,,,,1,0,,1252_benzenedimerTshape12
,,,,,,,,,,,,,,,,,,1,0,,1253_benzenedimerTshape15
,,,,,,,,,,,,,,,,,,1,0,,1254_benzenedimerTshape20
,,,,,,,,,,,,,,,,,,1,0,,1255_indolebenzeneTshape09
,,,,,,,,,,,,,,,,,,1,0,,1256_indolebenzeneTshape10
,,,,,,,,,,,,,,,,,,1,0,,1257_indolebenzeneTshape12
,,,,,,,,,,,,,,,,,,1,0,,1258_indolebenzeneTshape15
,,,,,,,,,,,,,,,,,,1,0,,1259_indolebenzeneTshape20
,,,,,,,,,,,,,,,,,,1,0,,1260_phenoldimer09
,,,,,,,,,,,,,,,,,,1,0,,1261_phenoldimer10
,,,,,,,,,,,,,,,,,,1,0,,1262_phenoldimer12
,,,,,,,,,,,,,,,,,,1,0,,1263_phenoldimer15
,,,,,,,,,,,,,,,,,,1,0,,1264_phenoldimer20
,,,,,,,,,,,,,,,,,,1,0,,2699_01WaterWater090
,,,,,,,,,,,,,,,,,,1,0,,2700_01WaterWater095
,,,,,,,,,,,,,,,,,,1,0,,2701_01WaterWater100
,,,,,,,,,,,,,,,,,,1,0,,2702_01WaterWater105
,,,,,,,,,,,,,,,,,,1,0,,2703_01WaterWater110
,,,,,,,,,,,,,,,,,,1,0,,2704_01WaterWater125
,,,,,,,,,,,,,,,,,,1,0,,2705_01WaterWater150
,,,,,,,,,,,,,,,,,,1,0,,2706_01WaterWater200
,,,,,,,,,,,,,,,,,,1,0,,2707_02WaterMeOH090
,,,,,,,,,,,,,,,,,,1,0,,2708_02WaterMeOH095
,,,,,,,,,,,,,,,,,,1,0,,2709_02WaterMeOH100
,,,,,,,,,,,,,,,,,,1,0,,2710_02WaterMeOH105
,,,,,,,,,,,,,,,,,,1,0,,2711_02WaterMeOH110
,,,,,,,,,,,,,,,,,,1,0,,2712_02WaterMeOH125
,,,,,,,,,,,,,,,,,,1,0,,2713_02WaterMeOH150
,,,,,,,,,,,,,,,,,,1,0,,2714_02WaterMeOH200
,,,,,,,,,,,,,,,,,,1,0,,2715_03WaterMeNH2090
,,,,,,,,,,,,,,,,,,1,0,,2716_03WaterMeNH2095
,,,,,,,,,,,,,,,,,,1,0,,2717_03WaterMeNH2100
,,,,,,,,,,,,,,,,,,1,0,,2718_03WaterMeNH2105
,,,,,,,,,,,,,,,,,,1,0,,2719_03WaterMeNH2110
,,,,,,,,,,,,,,,,,,1,0,,2720_03WaterMeNH2125
,,,,,,,,,,,,,,,,,,1,0,,2721_03WaterMeNH2150
,,,,,,,,,,,,,,,,,,1,0,,2722_03WaterMeNH2200
,,,,,,,,,,,,,,,,,,1,0,,2723_04WaterPeptide090
,,,,,,,,,,,,,,,,,,1,0,,2724_04WaterPeptide095
,,,,,,,,,,,,,,,,,,1,0,,2725_04WaterPeptide100
,,,,,,,,,,,,,,,,,,1,0,,2726_04WaterPeptide105
,,,,,,,,,,,,,,,,,,1,0,,2727_04WaterPeptide110
,,,,,,,,,,,,,,,,,,1,0,,2728_04WaterPeptide125
,,,,,,,,,,,,,,,,,,1,0,,2729_04WaterPeptide150
,,,,,,,,,,,,,,,,,,1,0,,2730_04WaterPeptide200
,,,,,,,,,,,,,,,,,,1,0,,2731_05MeOHMeOH090
,,,,,,,,,,,,,,,,,,1,0,,2732_05MeOHMeOH095
,,,,,,,,,,,,,,,,,,1,0,,2733_05MeOHMeOH100
,,,,,,,,,,,,,,,,,,1,0,,2734_05MeOHMeOH105
,,,,,,,,,,,,,,,,,,1,0,,2735_05MeOHMeOH110
,,,,,,,,,,,,,,,,,,1,0,,2736_05MeOHMeOH125
,,,,,,,,,,,,,,,,,,1,0,,2737_05MeOHMeOH150
,,,,,,,,,,,,,,,,,,1,0,,2738_05MeOHMeOH200
,,,,,,,,,,,,,,,,,,1,0,,2739_06MeOHMeNH2090
,,,,,,,,,,,,,,,,,,1,0,,2740_06MeOHMeNH2095
,,,,,,,,,,,,,,,,,,1,0,,2741_06MeOHMeNH2100
,,,,,,,,,,,,,,,,,,1,0,,2742_06MeOHMeNH2105
,,,,,,,,,,,,,,,,,,1,0,,2743_06MeOHMeNH2110
,,,,,,,,,,,,,,,,,,1,0,,2744_06MeOHMeNH2125
,,,,,,,,,,,,,,,,,,1,0,,2745_06MeOHMeNH2150
,,,,,,,,,,,,,,,,,,1,0,,2746_06MeOHMeNH2200
,,,,,,,,,,,,,,,,,,1,0,,2747_07MeOHPeptide090
,,,,,,,,,,,,,,,,,,1,0,,2748_07MeOHPeptide095
,,,,,,,,,,,,,,,,,,1,0,,2749_07MeOHPeptide100
,,,,,,,,,,,,,,,,,,1,0,,2750_07MeOHPeptide105
,,,,,,,,,,,,,,,,,,1,0,,2751_07MeOHPeptide110
,,,,,,,,,,,,,,,,,,1,0,,2752_07MeOHPeptide125
,,,,,,,,,,,,,,,,,,1,0,,2753_07MeOHPeptide150
,,,,,,,,,,,,,,,,,,1,0,,2754_07MeOHPeptide200
,,,,,,,,,,,,,,,,,,1,0,,2755_08MeOHWater090
,,,,,,,,,,,,,,,,,,1,0,,2756_08MeOHWater095
,,,,,,,,,,,,,,,,,,1,0,,2757_08MeOHWater100
,,,,,,,,,,,,,,,,,,1,0,,2758_08MeOHWater105
,,,,,,,,,,,,,,,,,,1,0,,2759_08MeOHWater110
,,,,,,,,,,,,,,,,,,1,0,,2760_08MeOHWater125
,,,,,,,,,,,,,,,,,,1,0,,2761_08MeOHWater150
,,,,,,,,,,,,,,,,,,1,0,,2762_08MeOHWater200
,,,,,,,,,,,,,,,,,,1,0,,2763_09MeNH2MeOH090
,,,,,,,,,,,,,,,,,,1,0,,2764_09MeNH2MeOH095
,,,,,,,,,,,,,,,,,,1,0,,2765_09MeNH2MeOH100
,,,,,,,,,,,,,,,,,,1,0,,2766_09MeNH2MeOH105
,,,,,,,,,,,,,,,,,,1,0,,2767_09MeNH2MeOH110
,,,,,,,,,,,,,,,,,,1,0,,2768_09MeNH2MeOH125
,,,,,,,,,,,,,,,,,,1,0,,2769_09MeNH2MeOH150
,,,,,,,,,,,,,,,,,,1,0,,2770_09MeNH2MeOH200
,,,,,,,,,,,,,,,,,,1,0,,2771_10MeNH2MeNH2090
,,,,,,,,,,,,,,,,,,1,0,,2772_10MeNH2MeNH2095
,,,,,,,,,,,,,,,,,,1,0,,2773_10MeNH2MeNH2100
,,,,,,,,,,,,,,,,,,1,0,,2774_10MeNH2MeNH2105
,,,,,,,,,,,,,,,,,,1,0,,2775_10MeNH2MeNH2110
,,,,,,,,,,,,,,,,,,1,0,,2776_10MeNH2MeNH2125
,,,,,,,,,,,,,,,,,,1,0,,2777_10MeNH2MeNH2150
,,,,,,,,,,,,,,,,,,1,0,,2778_10MeNH2MeNH2200
,,,,,,,,,,,,,,,,,,1,0,,2779_11MeNH2Peptide090
,,,,,,,,,,,,,,,,,,1,0,,2780_11MeNH2Peptide095
,,,,,,,,,,,,,,,,,,1,0,,2781_11MeNH2Peptide100
,,,,,,,,,,,,,,,,,,1,0,,2782_11MeNH2Peptide105
,,,,,,,,,,,,,,,,,,1,0,,2783_11MeNH2Peptide110
,,,,,,,,,,,,,,,,,,1,0,,2784_11MeNH2Peptide125
,,,,,,,,,,,,,,,,,,1,0,,2785_11MeNH2Peptide150
,,,,,,,,,,,,,,,,,,1,0,,2786_11MeNH2Peptide200
,,,,,,,,,,,,,,,,,,1,0,,2787_12MeNH2Water090
,,,,,,,,,,,,,,,,,,1,0,,2788_12MeNH2Water095
,,,,,,,,,,,,,,,,,,1,0,,2789_12MeNH2Water100
,,,,,,,,,,,,,,,,,,1,0,,2790_12MeNH2Water105
,,,,,,,,,,,,,,,,,,1,0,,2791_12MeNH2Water110
,,,,,,,,,,,,,,,,,,1,0,,2792_12MeNH2Water125
,,,,,,,,,,,,,,,,,,1,0,,2793_12MeNH2Water150
,,,,,,,,,,,,,,,,,,1,0,,2794_12MeNH2Water200
,,,,,,,,,,,,,,,,,,1,0,,2795_13PeptideMeOH090
,,,,,,,,,,,,,,,,,,1,0,,2796_13PeptideMeOH095
,,,,,,,,,,,,,,,,,,1,0,,2797_13PeptideMeOH100
,,,,,,,,,,,,,,,,,,1,0,,2798_13PeptideMeOH105
,,,,,,,,,,,,,,,,,,1,0,,2799_13PeptideMeOH110
,,,,,,,,,,,,,,,,,,1,0,,2800_13PeptideMeOH125
,,,,,,,,,,,,,,,,,,1,0,,2801_13PeptideMeOH150
,,,,,,,,,,,,,,,,,,1,0,,2802_13PeptideMeOH200
,,,,,,,,,,,,,,,,,,1,0,,2803_14PeptideMeNH2090
,,,,,,,,,,,,,,,,,,1,0,,2804_14PeptideMeNH2095
,,,,,,,,,,,,,,,,,,1,0,,2805_14PeptideMeNH2100
,,,,,,,,,,,,,,,,,,1,0,,2806_14PeptideMeNH2105
,,,,,,,,,,,,,,,,,,1,0,,2807_14PeptideMeNH2110
,,,,,,,,,,,,,,,,,,1,0,,2808_14PeptideMeNH2125
,,,,,,,,,,,,,,,,,,1,0,,2809_14PeptideMeNH2150
,,,,,,,,,,,,,,,,,,1,0,,2810_14PeptideMeNH2200
,,,,,,,,,,,,,,,,,,1,0,,2811_15PeptidePeptide090
,,,,,,,,,,,,,,,,,,1,0,,2812_15PeptidePeptide095
,,,,,,,,,,,,,,,,,,1,0,,2813_15PeptidePeptide100
,,,,,,,,,,,,,,,,,,1,0,,2814_15PeptidePeptide105
,,,,,,,,,,,,,,,,,,1,0,,2815_15PeptidePeptide110
,,,,,,,,,,,,,,,,,,1,0,,2816_15PeptidePeptide125
,,,,,,,,,,,,,,,,,,1,0,,2817_15PeptidePeptide150
,,,,,,,,,,,,,,,,,,1,0,,2818_15PeptidePeptide200
,,,,,,,,,,,,,,,,,,1,0,,2819_16PeptideWater090
,,,,,,,,,,,,,,,,,,1,0,,2820_16PeptideWater095
,,,,,,,,,,,,,,,,,,1,0,,2821_16PeptideWater100
,,,,,,,,,,,,,,,,,,1,0,,2822_16PeptideWater105
,,,,,,,,,,,,,,,,,,1,0,,2823_16PeptideWater110
,,,,,,,,,,,,,,,,,,1,0,,2824_16PeptideWater125
,,,,,,,,,,,,,,,,,,1,0,,2825_16PeptideWater150
,,,,,,,,,,,,,,,,,,1,0,,2826_16PeptideWater200
,,,,,,,,,,,,,,,,,,1,0,,2827_17UracilUracilBP090
,,,,,,,,,,,,,,,,,,1,0,,2828_17UracilUracilBP095
,,,,,,,,,,,,,,,,,,1,0,,2829_17UracilUracilBP100
,,,,,,,,,,,,,,,,,,1,0,,2830_17UracilUracilBP105
,,,,,,,,,,,,,,,,,,1,0,,2831_17UracilUracilBP110
,,,,,,,,,,,,,,,,,,1,0,,2832_17UracilUracilBP125
,,,,,,,,,,,,,,,,,,1,0,,2833_17UracilUracilBP150
,,,,,,,,,,,,,,,,,,1,0,,2834_17UracilUracilBP200
,,,,,,,,,,,,,,,,,,1,0,,2835_18WaterPyridine090
,,,,,,,,,,,,,,,,,,1,0,,2836_18WaterPyridine095
,,,,,,,,,,,,,,,,,,1,0,,2837_18WaterPyridine100
,,,,,,,,,,,,,,,,,,1,0,,2838_18WaterPyridine105
,,,,,,,,,,,,,,,,,,1,0,,2839_18WaterPyridine110
,,,,,,,,,,,,,,,,,,1,0,,2840_18WaterPyridine125
,,,,,,,,,,,,,,,,,,1,0,,2841_18WaterPyridine150
,,,,,,,,,,,,,,,,,,1,0,,2842_18WaterPyridine200
,,,,,,,,,,,,,,,,,,1,0,,2843_19MeOHPyridine090
,,,,,,,,,,,,,,,,,,1,0,,2844_19MeOHPyridine095
,,,,,,,,,,,,,,,,,,1,0,,2845_19MeOHPyridine100
,,,,,,,,,,,,,,,,,,1,0,,2846_19MeOHPyridine105
,,,,,,,,,,,,,,,,,,1,0,,2847_19MeOHPyridine110
,,,,,,,,,,,,,,,,,,1,0,,2848_19MeOHPyridine125
,,,,,,,,,,,,,,,,,,1,0,,2849_19MeOHPyridine150
,,,,,,,,,,,,,,,,,,1,0,,2850_19MeOHPyridine200
,,,,,,,,,,,,,,,,,,1,0,,2851_20AcOHAcOH090
,,,,,,,,,,,,,,,,,,1,0,,2852_20AcOHAcOH095
,,,,,,,,,,,,,,,,,,1,0,,2853_20AcOHAcOH100
,,,,,,,,,,,,,,,,,,1,0,,2854_20AcOHAcOH105
,,,,,,,,,,,,,,,,,,1,0,,2855_20AcOHAcOH110
,,,,,,,,,,,,,,,,,,1,0,,2856_20AcOHAcOH125
,,,,,,,,,,,,,,,,,,1,0,,2857_20AcOHAcOH150
,,,,,,,,,,,,,,,,,,1,0,,2858_20AcOHAcOH200
,,,,,,,,,,,,,,,,,,1,0,,2859_21AcNH2AcNH2090
,,,,,,,,,,,,,,,,,,1,0,,2860_21AcNH2AcNH2095
,,,,,,,,,,,,,,,,,,1,0,,2861_21AcNH2AcNH2100
,,,,,,,,,,,,,,,,,,1,0,,2862_21AcNH2AcNH2105
,,,,,,,,,,,,,,,,,,1,0,,2863_21AcNH2AcNH2110
,,,,,,,,,,,,,,,,,,1,0,,2864_21AcNH2AcNH2125
,,,,,,,,,,,,,,,,,,1,0,,2865_21AcNH2AcNH2150
,,,,,,,,,,,,,,,,,,1,0,,2866_21AcNH2AcNH2200
,,,,,,,,,,,,,,,,,,1,0,,2867_22AcOHUracil090
,,,,,,,,,,,,,,,,,,1,0,,2868_22AcOHUracil095
,,,,,,,,,,,,,,,,,,1,0,,2869_22AcOHUracil100
,,,,,,,,,,,,,,,,,,1,0,,2870_22AcOHUracil105
,,,,,,,,,,,,,,,,,,1,0,,2871_22AcOHUracil110
,,,,,,,,,,,,,,,,,,1,0,,2872_22AcOHUracil125
,,,,,,,,,,,,,,,,,,1,0,,2873_22AcOHUracil150
,,,,,,,,,,,,,,,,,,1,0,,2874_22AcOHUracil200
,,,,,,,,,,,,,,,,,,1,0,,2875_23AcNH2Uracil090
,,,,,,,,,,,,,,,,,,1,0,,2876_23AcNH2Uracil095
,,,,,,,,,,,,,,,,,,1,0,,2877_23AcNH2Uracil100
,,,,,,,,,,,,,,,,,,1,0,,2878_23AcNH2Uracil105
,,,,,,,,,,,,,,,,,,1,0,,2879_23AcNH2Uracil110
,,,,,,,,,,,,,,,,,,1,0,,2880_23AcNH2Uracil125
,,,,,,,,,,,,,,,,,,1,0,,2881_23AcNH2Uracil150
,,,,,,,,,,,,,,,,,,1,0,,2882_23AcNH2Uracil200
,,,,,,,,,,,,,,,,,,1,0,,2883_24BenzeneBenzenepipi090
,,,,,,,,,,,,,,,,,,1,0,,2884_24BenzeneBenzenepipi095
,,,,,,,,,,,,,,,,,,1,0,,2885_24BenzeneBenzenepipi100
,,,,,,,,,,,,,,,,,,1,0,,2886_24BenzeneBenzenepipi105
,,,,,,,,,,,,,,,,,,1,0,,2887_24BenzeneBenzenepipi110
,,,,,,,,,,,,,,,,,,1,0,,2888_24BenzeneBenzenepipi125
,,,,,,,,,,,,,,,,,,1,0,,2889_24BenzeneBenzenepipi150
,,,,,,,,,,,,,,,,,,1,0,,2890_24BenzeneBenzenepipi200
,,,,,,,,,,,,,,,,,,1,0,,2891_25PyridinePyridinepipi090
,,,,,,,,,,,,,,,,,,1,0,,2892_25PyridinePyridinepipi095
,,,,,,,,,,,,,,,,,,1,0,,2893_25PyridinePyridinepipi100
,,,,,,,,,,,,,,,,,,1,0,,2894_25PyridinePyridinepipi105
,,,,,,,,,,,,,,,,,,1,0,,2895_25PyridinePyridinepipi110
,,,,,,,,,,,,,,,,,,1,0,,2896_25PyridinePyridinepipi125
,,,,,,,,,,,,,,,,,,1,0,,2897_25PyridinePyridinepipi150
,,,,,,,,,,,,,,,,,,1,0,,2898_25PyridinePyridinepipi200
,,,,,,,,,,,,,,,,,,1,0,,2899_26UracilUracilpipi090
,,,,,,,,,,,,,,,,,,1,0,,2900_26UracilUracilpipi095
,,,,,,,,,,,,,,,,,,1,0,,2901_26UracilUracilpipi100
,,,,,,,,,,,,,,,,,,1,0,,2902_26UracilUracilpipi105
,,,,,,,,,,,,,,,,,,1,0,,2903_26UracilUracilpipi110
,,,,,,,,,,,,,,,,,,1,0,,2904_26UracilUracilpipi125
,,,,,,,,,,,,,,,,,,1,0,,2905_26UracilUracilpipi150
,,,,,,,,,,,,,,,,,,1,0,,2906_26UracilUracilpipi200
,,,,,,,,,,,,,,,,,,1,0,,2907_27BenzenePyridinepipi090
,,,,,,,,,,,,,,,,,,1,0,,2908_27BenzenePyridinepipi095
,,,,,,,,,,,,,,,,,,1,0,,2909_27BenzenePyridinepipi100
,,,,,,,,,,,,,,,,,,1,0,,2910_27BenzenePyridinepipi105
,,,,,,,,,,,,,,,,,,1,0,,2911_27BenzenePyridinepipi110
,,,,,,,,,,,,,,,,,,1,0,,2912_27BenzenePyridinepipi125
,,,,,,,,,,,,,,,,,,1,0,,2913_27BenzenePyridinepipi150
,,,,,,,,,,,,,,,,,,1,0,,2914_27BenzenePyridinepipi200
,,,,,,,,,,,,,,,,,,1,0,,2915_28BenzeneUracilpipi090
,,,,,,,,,,,,,,,,,,1,0,,2916_28BenzeneUracilpipi095
,,,,,,,,,,,,,,,,,,1,0,,2917_28BenzeneUracilpipi100
,,,,,,,,,,,,,,,,,,1,0,,2918_28BenzeneUracilpipi105
,,,,,,,,,,,,,,,,,,1,0,,2919_28BenzeneUracilpipi110
,,,,,,,,,,,,,,,,,,1,0,,2920_28BenzeneUracilpipi125
,,,,,,,,,,,,,,,,,,1,0,,2921_28BenzeneUracilpipi150
,,,,,,,,,,,,,,,,,,1,0,,2922_28BenzeneUracilpipi200
,,,,,,,,,,,,,,,,,,1,0,,2923_29PyridineUracilpipi090
,,,,,,,,,,,,,,,,,,1,0,,2924_29PyridineUracilpipi095
,,,,,,,,,,,,,,,,,,1,0,,2925_29PyridineUracilpipi100
,,,,,,,,,,,,,,,,,,1,0,,2926_29PyridineUracilpipi105
,,,,,,,,,,,,,,,,,,1,0,,2927_29PyridineUracilpipi110
,,,,,,,,,,,,,,,,,,1,0,,2928_29PyridineUracilpipi125
,,,,,,,,,,,,,,,,,,1,0,,2929_29PyridineUracilpipi150
,,,,,,,,,,,,,,,,,,1,0,,2930_29PyridineUracilpipi200
,,,,,,,,,,,,,,,,,,1,0,,2931_30BenzeneEthene090
,,,,,,,,,,,,,,,,,,1,0,,2932_30BenzeneEthene095
,,,,,,,,,,,,,,,,,,1,0,,2933_30BenzeneEthene100
,,,,,,,,,,,,,,,,,,1,0,,2934_30BenzeneEthene105
,,,,,,,,,,,,,,,,,,1,0,,2935_30BenzeneEthene110
,,,,,,,,,,,,,,,,,,1,0,,2936_30BenzeneEthene125
,,,,,,,,,,,,,,,,,,1,0,,2937_30BenzeneEthene150
,,,,,,,,,,,,,,,,,,1,0,,2938_30BenzeneEthene200
,,,,,,,,,,,,,,,,,,1,0,,2939_31UracilEthene090
,,,,,,,,,,,,,,,,,,1,0,,2940_31UracilEthene095
,,,,,,,,,,,,,,,,,,1,0,,2941_31UracilEthene100
,,,,,,,,,,,,,,,,,,1,0,,2942_31UracilEthene105
,,,,,,,,,,,,,,,,,,1,0,,2943_31UracilEthene110
,,,,,,,,,,,,,,,,,,1,0,,2944_31UracilEthene125
,,,,,,,,,,,,,,,,,,1,0,,2945_31UracilEthene150
,,,,,,,,,,,,,,,,,,1,0,,2946_31UracilEthene200
,,,,,,,,,,,,,,,,,,1,0,,2947_32UracilEthyne090
,,,,,,,,,,,,,,,,,,1,0,,2948_32UracilEthyne095
,,,,,,,,,,,,,,,,,,1,0,,2949_32UracilEthyne100
,,,,,,,,,,,,,,,,,,1,0,,2950_32UracilEthyne105
,,,,,,,,,,,,,,,,,,1,0,,2951_32UracilEthyne110
,,,,,,,,,,,,,,,,,,1,0,,2952_32UracilEthyne125
,,,,,,,,,,,,,,,,,,1,0,,2953_32UracilEthyne150
,,,,,,,,,,,,,,,,,,1,0,,2954_32UracilEthyne200
,,,,,,,,,,,,,,,,,,1,0,,2955_33PyridineEthene090
,,,,,,,,,,,,,,,,,,1,0,,2956_33PyridineEthene095
,,,,,,,,,,,,,,,,,,1,0,,2957_33PyridineEthene100
,,,,,,,,,,,,,,,,,,1,0,,2958_33PyridineEthene105
,,,,,,,,,,,,,,,,,,1,0,,2959_33PyridineEthene110
,,,,,,,,,,,,,,,,,,1,0,,2960_33PyridineEthene125
,,,,,,,,,,,,,,,,,,1,0,,2961_33PyridineEthene150
,,,,,,,,,,,,,,,,,,1,0,,2962_33PyridineEthene200
,,,,,,,,,,,,,,,,,,1,0,,2963_34PentanePentane090
,,,,,,,,,,,,,,,,,,1,0,,2964_34PentanePentane095
,,,,,,,,,,,,,,,,,,1,0,,2965_34PentanePentane100
,,,,,,,,,,,,,,,,,,1,0,,2966_34PentanePentane105
,,,,,,,,,,,,,,,,,,1,0,,2967_34PentanePentane110
,,,,,,,,,,,,,,,,,,1,0,,2968_34PentanePentane125
,,,,,,,,,,,,,,,,,,1,0,,2969_34PentanePentane150
,,,,,,,,,,,,,,,,,,1,0,,2970_34PentanePentane200
,,,,,,,,,,,,,,,,,,1,0,,2971_35NeopentanePentane090
,,,,,,,,,,,,,,,,,,1,0,,2972_35NeopentanePentane095
,,,,,,,,,,,,,,,,,,1,0,,2973_35NeopentanePentane100
,,,,,,,,,,,,,,,,,,1,0,,2974_35NeopentanePentane105
,,,,,,,,,,,,,,,,,,1,0,,2975_35NeopentanePentane110
,,,,,,,,,,,,,,,,,,1,0,,2976_35NeopentanePentane125
,,,,,,,,,,,,,,,,,,1,0,,2977_35NeopentanePentane150
,,,,,,,,,,,,,,,,,,1,0,,2978_35NeopentanePentane200
,,,,,,,,,,,,,,,,,,1,0,,2979_36NeopentaneNeopentane090
,,,,,,,,,,,,,,,,,,1,0,,2980_36NeopentaneNeopentane095
,,,,,,,,,,,,,,,,,,1,0,,2981_36NeopentaneNeopentane100
,,,,,,,,,,,,,,,,,,1,0,,2982_36NeopentaneNeopentane105
,,,,,,,,,,,,,,,,,,1,0,,2983_36NeopentaneNeopentane110
,,,,,,,,,,,,,,,,,,1,0,,2984_36NeopentaneNeopentane125
,,,,,,,,,,,,,,,,,,1,0,,2985_36NeopentaneNeopentane150
,,,,,,,,,,,,,,,,,,1,0,,2986_36NeopentaneNeopentane200
,,,,,,,,,,,,,,,,,,1,0,,2987_37CyclopentaneNeopentane090
,,,,,,,,,,,,,,,,,,1,0,,2988_37CyclopentaneNeopentane095
,,,,,,,,,,,,,,,,,,1,0,,2989_37CyclopentaneNeopentane100
,,,,,,,,,,,,,,,,,,1,0,,2990_37CyclopentaneNeopentane105
,,,,,,,,,,,,,,,,,,1,0,,2991_37CyclopentaneNeopentane110
,,,,,,,,,,,,,,,,,,1,0,,2992_37CyclopentaneNeopentane125
,,,,,,,,,,,,,,,,,,1,0,,2993_37CyclopentaneNeopentane150
,,,,,,,,,,,,,,,,,,1,0,,2994_37CyclopentaneNeopentane200
,,,,,,,,,,,,,,,,,,1,0,,2995_38CyclopentaneCyclopentane090
,,,,,,,,,,,,,,,,,,1,0,,2996_38CyclopentaneCyclopentane095
,,,,,,,,,,,,,,,,,,1,0,,2997_38CyclopentaneCyclopentane100
,,,,,,,,,,,,,,,,,,1,0,,2998_38CyclopentaneCyclopentane105
,,,,,,,,,,,,,,,,,,1,0,,2999_38CyclopentaneCyclopentane110
,,,,,,,,,,,,,,,,,,1,0,,3000_38CyclopentaneCyclopentane125
,,,,,,,,,,,,,,,,,,1,0,,3001_38CyclopentaneCyclopentane150
,,,,,,,,,,,,,,,,,,1,0,,3002_38CyclopentaneCyclopentane200
,,,,,,,,,,,,,,,,,,1,0,,3003_39BenzeneCyclopentane090
,,,,,,,,,,,,,,,,,,1,0,,3004_39BenzeneCyclopentane095
,,,,,,,,,,,,,,,,,,1,0,,3005_39BenzeneCyclopentane100
,,,,,,,,,,,,,,,,,,1,0,,3006_39BenzeneCyclopentane105
,,,,,,,,,,,,,,,,,,1,0,,3007_39BenzeneCyclopentane110
,,,,,,,,,,,,,,,,,,1,0,,3008_39BenzeneCyclopentane125
,,,,,,,,,,,,,,,,,,1,0,,3009_39BenzeneCyclopentane150
,,,,,,,,,,,,,,,,,,1,0,,3010_39BenzeneCyclopentane200
,,,,,,,,,,,,,,,,,,1,0,,3011_40BenzeneNeopentane090
,,,,,,,,,,,,,,,,,,1,0,,3012_40BenzeneNeopentane095
,,,,,,,,,,,,,,,,,,1,0,,3013_40BenzeneNeopentane100
,,,,,,,,,,,,,,,,,,1,0,,3014_40BenzeneNeopentane105
,,,,,,,,,,,,,,,,,,1,0,,3015_40BenzeneNeopentane110
,,,,,,,,,,,,,,,,,,1,0,,3016_40BenzeneNeopentane125
,,,,,,,,,,,,,,,,,,1,0,,3017_40BenzeneNeopentane150
,,,,,,,,,,,,,,,,,,1,0,,3018_40BenzeneNeopentane200
,,,,,,,,,,,,,,,,,,1,0,,3019_41UracilPentane090
,,,,,,,,,,,,,,,,,,1,0,,3020_41UracilPentane095
,,,,,,,,,,,,,,,,,,1,0,,3021_41UracilPentane100
,,,,,,,,,,,,,,,,,,1,0,,3022_41UracilPentane105
,,,,,,,,,,,,,,,,,,1,0,,3023_41UracilPentane110
,,,,,,,,,,,,,,,,,,1,0,,3024_41UracilPentane125
,,,,,,,,,,,,,,,,,,1,0,,3025_41UracilPentane150
,,,,,,,,,,,,,,,,,,1,0,,3026_41UracilPentane200
,,,,,,,,,,,,,,,,,,1,0,,3027_42UracilCyclopentane090
,,,,,,,,,,,,,,,,,,1,0,,3028_42UracilCyclopentane095
,,,,,,,,,,,,,,,,,,1,0,,3029_42UracilCyclopentane100
,,,,,,,,,,,,,,,,,,1,0,,3030_42UracilCyclopentane105
,,,,,,,,,,,,,,,,,,1,0,,3031_42UracilCyclopentane110
,,,,,,,,,,,,,,,,,,1,0,,3032_42UracilCyclopentane125
,,,,,,,,,,,,,,,,,,1,0,,3033_42UracilCyclopentane150
,,,,,,,,,,,,,,,,,,1,0,,3034_42UracilCyclopentane200
,,,,,,,,,,,,,,,,,,1,0,,3035_43UracilNeopentane090
,,,,,,,,,,,,,,,,,,1,0,,3036_43UracilNeopentane095
,,,,,,,,,,,,,,,,,,1,0,,3037_43UracilNeopentane100
,,,,,,,,,,,,,,,,,,1,0,,3038_43UracilNeopentane105
,,,,,,,,,,,,,,,,,,1,0,,3039_43UracilNeopentane110
,,,,,,,,,,,,,,,,,,1,0,,3040_43UracilNeopentane125
,,,,,,,,,,,,,,,,,,1,0,,3041_43UracilNeopentane150
,,,,,,,,,,,,,,,,,,1,0,,3042_43UracilNeopentane200
,,,,,,,,,,,,,,,,,,1,0,,3043_44EthenePentane090
,,,,,,,,,,,,,,,,,,1,0,,3044_44EthenePentane095
,,,,,,,,,,,,,,,,,,1,0,,3045_44EthenePentane100
,,,,,,,,,,,,,,,,,,1,0,,3046_44EthenePentane105
,,,,,,,,,,,,,,,,,,1,0,,3047_44EthenePentane110
,,,,,,,,,,,,,,,,,,1,0,,3048_44EthenePentane125
,,,,,,,,,,,,,,,,,,1,0,,3049_44EthenePentane150
,,,,,,,,,,,,,,,,,,1,0,,3050_44EthenePentane200
,,,,,,,,,,,,,,,,,,1,0,,3051_45EthynePentane090
,,,,,,,,,,,,,,,,,,1,0,,3052_45EthynePentane095
,,,,,,,,,,,,,,,,,,1,0,,3053_45EthynePentane100
,,,,,,,,,,,,,,,,,,1,0,,3054_45EthynePentane105
,,,,,,,,,,,,,,,,,,1,0,,3055_45EthynePentane110
,,,,,,,,,,,,,,,,,,1,0,,3056_45EthynePentane125
,,,,,,,,,,,,,,,,,,1,0,,3057_45EthynePentane150
,,,,,,,,,,,,,,,,,,1,0,,3058_45EthynePentane200
,,,,,,,,,,,,,,,,,,1,0,,3059_46PeptidePentane090
,,,,,,,,,,,,,,,,,,1,0,,3060_46PeptidePentane095
,,,,,,,,,,,,,,,,,,1,0,,3061_46PeptidePentane100
,,,,,,,,,,,,,,,,,,1,0,,3062_46PeptidePentane105
,,,,,,,,,,,,,,,,,,1,0,,3063_46PeptidePentane110
,,,,,,,,,,,,,,,,,,1,0,,3064_46PeptidePentane125
,,,,,,,,,,,,,,,,,,1,0,,3065_46PeptidePentane150
,,,,,,,,,,,,,,,,,,1,0,,3066_46PeptidePentane200
,,,,,,,,,,,,,,,,,,1,0,,3067_47BenzeneBenzeneTS090
,,,,,,,,,,,,,,,,,,1,0,,3068_47BenzeneBenzeneTS095
,,,,,,,,,,,,,,,,,,1,0,,3069_47BenzeneBenzeneTS100
,,,,,,,,,,,,,,,,,,1,0,,3070_47BenzeneBenzeneTS105
,,,,,,,,,,,,,,,,,,1,0,,3071_47BenzeneBenzeneTS110
,,,,,,,,,,,,,,,,,,1,0,,3072_47BenzeneBenzeneTS125
,,,,,,,,,,,,,,,,,,1,0,,3073_47BenzeneBenzeneTS150
,,,,,,,,,,,,,,,,,,1,0,,3074_47BenzeneBenzeneTS200
,,,,,,,,,,,,,,,,,,1,0,,3075_48PyridinePyridineTS090
,,,,,,,,,,,,,,,,,,1,0,,3076_48PyridinePyridineTS095
,,,,,,,,,,,,,,,,,,1,0,,3077_48PyridinePyridineTS100
,,,,,,,,,,,,,,,,,,1,0,,3078_48PyridinePyridineTS105
,,,,,,,,,,,,,,,,,,1,0,,3079_48PyridinePyridineTS110
,,,,,,,,,,,,,,,,,,1,0,,3080_48PyridinePyridineTS125
,,,,,,,,,,,,,,,,,,1,0,,3081_48PyridinePyridineTS150
,,,,,,,,,,,,,,,,,,1,0,,3082_48PyridinePyridineTS200
,,,,,,,,,,,,,,,,,,1,0,,3083_49BenzenePyridineTS090
,,,,,,,,,,,,,,,,,,1,0,,3084_49BenzenePyridineTS095
,,,,,,,,,,,,,,,,,,1,0,,3085_49BenzenePyridineTS100
,,,,,,,,,,,,,,,,,,1,0,,3086_49BenzenePyridineTS105
,,,,,,,,,,,,,,,,,,1,0,,3087_49BenzenePyridineTS110
,,,,,,,,,,,,,,,,,,1,0,,3088_49BenzenePyridineTS125
,,,,,,,,,,,,,,,,,,1,0,,3089_49BenzenePyridineTS150
,,,,,,,,,,,,,,,,,,1,0,,3090_49BenzenePyridineTS200
,,,,,,,,,,,,,,,,,,1,0,,3091_50BenzeneEthyneCHpi090
,,,,,,,,,,,,,,,,,,1,0,,3092_50BenzeneEthyneCHpi095
,,,,,,,,,,,,,,,,,,1,0,,3093_50BenzeneEthyneCHpi100
,,,,,,,,,,,,,,,,,,1,0,,3094_50BenzeneEthyneCHpi105
,,,,,,,,,,,,,,,,,,1,0,,3095_50BenzeneEthyneCHpi110
,,,,,,,,,,,,,,,,,,1,0,,3096_50BenzeneEthyneCHpi125
,,,,,,,,,,,,,,,,,,1,0,,3097_50BenzeneEthyneCHpi150
,,,,,,,,,,,,,,,,,,1,0,,3098_50BenzeneEthyneCHpi200
,,,,,,,,,,,,,,,,,,1,0,,3099_51EthyneEthyneTS090
,,,,,,,,,,,,,,,,,,1,0,,3100_51EthyneEthyneTS095
,,,,,,,,,,,,,,,,,,1,0,,3101_51EthyneEthyneTS100
,,,,,,,,,,,,,,,,,,1,0,,3102_51EthyneEthyneTS105
,,,,,,,,,,,,,,,,,,1,0,,3103_51EthyneEthyneTS110
,,,,,,,,,,,,,,,,,,1,0,,3104_51EthyneEthyneTS125
,,,,,,,,,,,,,,,,,,1,0,,3105_51EthyneEthyneTS150
,,,,,,,,,,,,,,,,,,1,0,,3106_51EthyneEthyneTS200
,,,,,,,,,,,,,,,,,,1,0,,3107_52BenzeneAcOHOHpi090
,,,,,,,,,,,,,,,,,,1,0,,3108_52BenzeneAcOHOHpi095
,,,,,,,,,,,,,,,,,,1,0,,3109_52BenzeneAcOHOHpi100
,,,,,,,,,,,,,,,,,,1,0,,3110_52BenzeneAcOHOHpi105
,,,,,,,,,,,,,,,,,,1,0,,3111_52BenzeneAcOHOHpi110
,,,,,,,,,,,,,,,,,,1,0,,3112_52BenzeneAcOHOHpi125
,,,,,,,,,,,,,,,,,,1,0,,3113_52BenzeneAcOHOHpi150
,,,,,,,,,,,,,,,,,,1,0,,3114_52BenzeneAcOHOHpi200
,,,,,,,,,,,,,,,,,,1,0,,3115_53BenzeneAcNH2NHpi090
,,,,,,,,,,,,,,,,,,1,0,,3116_53BenzeneAcNH2NHpi095
,,,,,,,,,,,,,,,,,,1,0,,3117_53BenzeneAcNH2NHpi100
,,,,,,,,,,,,,,,,,,1,0,,3118_53BenzeneAcNH2NHpi105
,,,,,,,,,,,,,,,,,,1,0,,3119_53BenzeneAcNH2NHpi110
,,,,,,,,,,,,,,,,,,1,0,,3120_53BenzeneAcNH2NHpi125
,,,,,,,,,,,,,,,,,,1,0,,3121_53BenzeneAcNH2NHpi150
,,,,,,,,,,,,,,,,,,1,0,,3122_53BenzeneAcNH2NHpi200
,,,,,,,,,,,,,,,,,,1,0,,3123_54BenzeneWaterOHpi090
,,,,,,,,,,,,,,,,,,1,0,,3124_54BenzeneWaterOHpi095
,,,,,,,,,,,,,,,,,,1,0,,3125_54BenzeneWaterOHpi100
,,,,,,,,,,,,,,,,,,1,0,,3126_54BenzeneWaterOHpi105
,,,,,,,,,,,,,,,,,,1,0,,3127_54BenzeneWaterOHpi110
,,,,,,,,,,,,,,,,,,1,0,,3128_54BenzeneWaterOHpi125
,,,,,,,,,,,,,,,,,,1,0,,3129_54BenzeneWaterOHpi150
,,,,,,,,,,,,,,,,,,1,0,,3130_54BenzeneWaterOHpi200
,,,,,,,,,,,,,,,,,,1,0,,3131_55BenzeneMeOHOHpi090
,,,,,,,,,,,,,,,,,,1,0,,3132_55BenzeneMeOHOHpi095
,,,,,,,,,,,,,,,,,,1,0,,3133_55BenzeneMeOHOHpi100
,,,,,,,,,,,,,,,,,,1,0,,3134_55BenzeneMeOHOHpi105
,,,,,,,,,,,,,,,,,,1,0,,3135_55BenzeneMeOHOHpi110
,,,,,,,,,,,,,,,,,,1,0,,3136_55BenzeneMeOHOHpi125
,,,,,,,,,,,,,,,,,,1,0,,3137_55BenzeneMeOHOHpi150
,,,,,,,,,,,,,,,,,,1,0,,3138_55BenzeneMeOHOHpi200
,,,,,,,,,,,,,,,,,,1,0,,3139_56BenzeneMeNH2NHpi090
,,,,,,,,,,,,,,,,,,1,0,,3140_56BenzeneMeNH2NHpi095
,,,,,,,,,,,,,,,,,,1,0,,3141_56BenzeneMeNH2NHpi100
,,,,,,,,,,,,,,,,,,1,0,,3142_56BenzeneMeNH2NHpi105
,,,,,,,,,,,,,,,,,,1,0,,3143_56BenzeneMeNH2NHpi110
,,,,,,,,,,,,,,,,,,1,0,,3144_56BenzeneMeNH2NHpi125
,,,,,,,,,,,,,,,,,,1,0,,3145_56BenzeneMeNH2NHpi150
,,,,,,,,,,,,,,,,,,1,0,,3146_56BenzeneMeNH2NHpi200
,,,,,,,,,,,,,,,,,,1,0,,3147_57BenzenePeptideNHpi090
,,,,,,,,,,,,,,,,,,1,0,,3148_57BenzenePeptideNHpi095
,,,,,,,,,,,,,,,,,,1,0,,3149_57BenzenePeptideNHpi100
,,,,,,,,,,,,,,,,,,1,0,,3150_57BenzenePeptideNHpi105
,,,,,,,,,,,,,,,,,,1,0,,3151_57BenzenePeptideNHpi110
,,,,,,,,,,,,,,,,,,1,0,,3152_57BenzenePeptideNHpi125
,,,,,,,,,,,,,,,,,,1,0,,3153_57BenzenePeptideNHpi150
,,,,,,,,,,,,,,,,,,1,0,,3154_57BenzenePeptideNHpi200
,,,,,,,,,,,,,,,,,,1,0,,3155_58PyridinePyridineCHN090
,,,,,,,,,,,,,,,,,,1,0,,3156_58PyridinePyridineCHN095
,,,,,,,,,,,,,,,,,,1,0,,3157_58PyridinePyridineCHN100
,,,,,,,,,,,,,,,,,,1,0,,3158_58PyridinePyridineCHN105
,,,,,,,,,,,,,,,,,,1,0,,3159_58PyridinePyridineCHN110
,,,,,,,,,,,,,,,,,,1,0,,3160_58PyridinePyridineCHN125
,,,,,,,,,,,,,,,,,,1,0,,3161_58PyridinePyridineCHN150
,,,,,,,,,,,,,,,,,,1,0,,3162_58PyridinePyridineCHN200
,,,,,,,,,,,,,,,,,,1,0,,3163_59EthyneWaterCHO090
,,,,,,,,,,,,,,,,,,1,0,,3164_59EthyneWaterCHO095
,,,,,,,,,,,,,,,,,,1,0,,3165_59EthyneWaterCHO100
,,,,,,,,,,,,,,,,,,1,0,,3166_59EthyneWaterCHO105
,,,,,,,,,,,,,,,,,,1,0,,3167_59EthyneWaterCHO110
,,,,,,,,,,,,,,,,,,1,0,,3168_59EthyneWaterCHO125
,,,,,,,,,,,,,,,,,,1,0,,3169_59EthyneWaterCHO150
,,,,,,,,,,,,,,,,,,1,0,,3170_59EthyneWaterCHO200
,,,,,,,,,,,,,,,,,,1,0,,3171_60EthyneAcOHOHpi090
,,,,,,,,,,,,,,,,,,1,0,,3172_60EthyneAcOHOHpi095
,,,,,,,,,,,,,,,,,,1,0,,3173_60EthyneAcOHOHpi100
,,,,,,,,,,,,,,,,,,1,0,,3174_60EthyneAcOHOHpi105
,,,,,,,,,,,,,,,,,,1,0,,3175_60EthyneAcOHOHpi110
,,,,,,,,,,,,,,,,,,1,0,,3176_60EthyneAcOHOHpi125
,,,,,,,,,,,,,,,,,,1,0,,3177_60EthyneAcOHOHpi150
,,,,,,,,,,,,,,,,,,1,0,,3178_60EthyneAcOHOHpi200
,,,,,,,,,,,,,,,,,,1,0,,3179_61PentaneAcOH090
,,,,,,,,,,,,,,,,,,1,0,,3180_61PentaneAcOH095
,,,,,,,,,,,,,,,,,,1,0,,3181_61PentaneAcOH100
,,,,,,,,,,,,,,,,,,1,0,,3182_61PentaneAcOH105
,,,,,,,,,,,,,,,,,,1,0,,3183_61PentaneAcOH110
,,,,,,,,,,,,,,,,,,1,0,,3184_61PentaneAcOH125
,,,,,,,,,,,,,,,,,,1,0,,3185_61PentaneAcOH150
,,,,,,,,,,,,,,,,,,1,0,,3186_61PentaneAcOH200
,,,,,,,,,,,,,,,,,,1,0,,3187_62PentaneAcNH2090
,,,,,,,,,,,,,,,,,,1,0,,3188_62PentaneAcNH2095
,,,,,,,,,,,,,,,,,,1,0,,3189_62PentaneAcNH2100
,,,,,,,,,,,,,,,,,,1,0,,3190_62PentaneAcNH2105
,,,,,,,,,,,,,,,,,,1,0,,3191_62PentaneAcNH2110
,,,,,,,,,,,,,,,,,,1,0,,3192_62PentaneAcNH2125
,,,,,,,,,,,,,,,,,,1,0,,3193_62PentaneAcNH2150
,,,,,,,,,,,,,,,,,,1,0,,3194_62PentaneAcNH2200
,,,,,,,,,,,,,,,,,,1,0,,3195_63BenzeneAcOH090
,,,,,,,,,,,,,,,,,,1,0,,3196_63BenzeneAcOH095
,,,,,,,,,,,,,,,,,,1,0,,3197_63BenzeneAcOH100
,,,,,,,,,,,,,,,,,,1,0,,3198_63BenzeneAcOH105
,,,,,,,,,,,,,,,,,,1,0,,3199_63BenzeneAcOH110
,,,,,,,,,,,,,,,,,,1,0,,3200_63BenzeneAcOH125
,,,,,,,,,,,,,,,,,,1,0,,3201_63BenzeneAcOH150
,,,,,,,,,,,,,,,,,,1,0,,3202_63BenzeneAcOH200
,,,,,,,,,,,,,,,,,,1,0,,3203_64PeptideEthene090
,,,,,,,,,,,,,,,,,,1,0,,3204_64PeptideEthene095
,,,,,,,,,,,,,,,,,,1,0,,3205_64PeptideEthene100
,,,,,,,,,,,,,,,,,,1,0,,3206_64PeptideEthene105
,,,,,,,,,,,,,,,,,,1,0,,3207_64PeptideEthene110
,,,,,,,,,,,,,,,,,,1,0,,3208_64PeptideEthene125
,,,,,,,,,,,,,,,,,,1,0,,3209_64PeptideEthene150
,,,,,,,,,,,,,,,,,,1,0,,3210_64PeptideEthene200
,,,,,,,,,,,,,,,,,,1,0,,3211_65PyridineEthyne090
,,,,,,,,,,,,,,,,,,1,0,,3212_65PyridineEthyne095
,,,,,,,,,,,,,,,,,,1,0,,3213_65PyridineEthyne100
,,,,,,,,,,,,,,,,,,1,0,,3214_65PyridineEthyne105
,,,,,,,,,,,,,,,,,,1,0,,3215_65PyridineEthyne110
,,,,,,,,,,,,,,,,,,1,0,,3216_65PyridineEthyne125
,,,,,,,,,,,,,,,,,,1,0,,3217_65PyridineEthyne150
,,,,,,,,,,,,,,,,,,1,0,,3218_65PyridineEthyne200
,,,,,,,,,,,,,,,,,,1,0,,3219_66MeNH2Pyridine090
,,,,,,,,,,,,,,,,,,1,0,,3220_66MeNH2Pyridine095
,,,,,,,,,,,,,,,,,,1,0,,3221_66MeNH2Pyridine100
,,,,,,,,,,,,,,,,,,1,0,,3222_66MeNH2Pyridine105
,,,,,,,,,,,,,,,,,,1,0,,3223_66MeNH2Pyridine110
,,,,,,,,,,,,,,,,,,1,0,,3224_66MeNH2Pyridine125
,,,,,,,,,,,,,,,,,,1,0,,3225_66MeNH2Pyridine150
,,,,,,,,,,,,,,,,,,1,0,,3226_66MeNH2Pyridine200
,,,,,,,,,,,,,,,,,,1,0,,3519_01methaneF2080
,,,,,,,,,,,,,,,,,,1,0,,3520_01methaneF2085
,,,,,,,,,,,,,,,,,,1,0,,3521_01methaneF2090
,,,,,,,,,,,,,,,,,,1,0,,3522_01methaneF2095
,,,,,,,,,,,,,,,,,,1,0,,3523_01methaneF2100
,,,,,,,,,,,,,,,,,,1,0,,3524_01methaneF2105
,,,,,,,,,,,,,,,,,,1,0,,3525_01methaneF2110
,,,,,,,,,,,,,,,,,,1,0,,3526_01methaneF2125
,,,,,,,,,,,,,,,,,,1,0,,3527_01methaneF2150
,,,,,,,,,,,,,,,,,,1,0,,3528_01methaneF2200
,,,,,,,,,,,,,,,,,,1,0,,3529_02methaneCl2080
,,,,,,,,,,,,,,,,,,1,0,,3530_02methaneCl2085
,,,,,,,,,,,,,,,,,,1,0,,3531_02methaneCl2090
,,,,,,,,,,,,,,,,,,1,0,,3532_02methaneCl2095
,,,,,,,,,,,,,,,,,,1,0,,3533_02methaneCl2100
,,,,,,,,,,,,,,,,,,1,0,,3534_02methaneCl2105
,,,,,,,,,,,,,,,,,,1,0,,3535_02methaneCl2110
,,,,,,,,,,,,,,,,,,1,0,,3536_02methaneCl2125
,,,,,,,,,,,,,,,,,,1,0,,3537_02methaneCl2150
,,,,,,,,,,,,,,,,,,1,0,,3538_02methaneCl2200
,,,,,,,,,,,,,,,,,,1,0,,3539_03methaneBr2080
,,,,,,,,,,,,,,,,,,1,0,,3540_03methaneBr2085
,,,,,,,,,,,,,,,,,,1,0,,3541_03methaneBr2090
,,,,,,,,,,,,,,,,,,1,0,,3542_03methaneBr2095
,,,,,,,,,,,,,,,,,,1,0,,3543_03methaneBr2100
,,,,,,,,,,,,,,,,,,1,0,,3544_03methaneBr2105
,,,,,,,,,,,,,,,,,,1,0,,3545_03methaneBr2110
,,,,,,,,,,,,,,,,,,1,0,,3546_03methaneBr2125
,,,,,,,,,,,,,,,,,,1,0,,3547_03methaneBr2150
,,,,,,,,,,,,,,,,,,1,0,,3548_03methaneBr2200
,,,,,,,,,,,,,,,,,,1,0,,3549_04methaneI2080
,,,,,,,,,,,,,,,,,,1,0,,3550_04methaneI2085
,,,,,,,,,,,,,,,,,,1,0,,3551_04methaneI2090
,,,,,,,,,,,,,,,,,,1,0,,3552_04methaneI2095
,,,,,,,,,,,,,,,,,,1,0,,3553_04methaneI2100
,,,,,,,,,,,,,,,,,,1,0,,3554_04methaneI2105
,,,,,,,,,,,,,,,,,,1,0,,3555_04methaneI2110
,,,,,,,,,,,,,,,,,,1,0,,3556_04methaneI2125
,,,,,,,,,,,,,,,,,,1,0,,3557_04methaneI2150
,,,,,,,,,,,,,,,,,,1,0,,3558_04methaneI2200
,,,,,,,,,,,,,,,,,,1,0,,3559_05fluoromethanemethane080
,,,,,,,,,,,,,,,,,,1,0,,3560_05fluoromethanemethane085
,,,,,,,,,,,,,,,,,,1,0,,3561_05fluoromethanemethane090
,,,,,,,,,,,,,,,,,,1,0,,3562_05fluoromethanemethane095
,,,,,,,,,,,,,,,,,,1,0,,3563_05fluoromethanemethane100
,,,,,,,,,,,,,,,,,,1,0,,3564_05fluoromethanemethane105
,,,,,,,,,,,,,,,,,,1,0,,3565_05fluoromethanemethane110
,,,,,,,,,,,,,,,,,,1,0,,3566_05fluoromethanemethane125
,,,,,,,,,,,,,,,,,,1,0,,3567_05fluoromethanemethane150
,,,,,,,,,,,,,,,,,,1,0,,3568_05fluoromethanemethane200
,,,,,,,,,,,,,,,,,,1,0,,3569_06chloromethanemethane080
,,,,,,,,,,,,,,,,,,1,0,,3570_06chloromethanemethane085
,,,,,,,,,,,,,,,,,,1,0,,3571_06chloromethanemethane090
,,,,,,,,,,,,,,,,,,1,0,,3572_06chloromethanemethane095
,,,,,,,,,,,,,,,,,,1,0,,3573_06chloromethanemethane100
,,,,,,,,,,,,,,,,,,1,0,,3574_06chloromethanemethane105
,,,,,,,,,,,,,,,,,,1,0,,3575_06chloromethanemethane110
,,,,,,,,,,,,,,,,,,1,0,,3576_06chloromethanemethane125
,,,,,,,,,,,,,,,,,,1,0,,3577_06chloromethanemethane150
,,,,,,,,,,,,,,,,,,1,0,,3578_06chloromethanemethane200
,,,,,,,,,,,,,,,,,,1,0,,3579_07trifluoromethanemethane080
,,,,,,,,,,,,,,,,,,1,0,,3580_07trifluoromethanemethane085
,,,,,,,,,,,,,,,,,,1,0,,3581_07trifluoromethanemethane090
,,,,,,,,,,,,,,,,,,1,0,,3582_07trifluoromethanemethane095
,,,,,,,,,,,,,,,,,,1,0,,3583_07trifluoromethanemethane100
,,,,,,,,,,,,,,,,,,1,0,,3584_07trifluoromethanemethane105
,,,,,,,,,,,,,,,,,,1,0,,3585_07trifluoromethanemethane110
,,,,,,,,,,,,,,,,,,1,0,,3586_07trifluoromethanemethane125
,,,,,,,,,,,,,,,,,,1,0,,3587_07trifluoromethanemethane150
,,,,,,,,,,,,,,,,,,1,0,,3588_07trifluoromethanemethane200
,,,,,,,,,,,,,,,,,,1,0,,3589_08trichloromethanemethane080
,,,,,,,,,,,,,,,,,,1,0,,3590_08trichloromethanemethane085
,,,,,,,,,,,,,,,,,,1,0,,3591_08trichloromethanemethane090
,,,,,,,,,,,,,,,,,,1,0,,3592_08trichloromethanemethane095
,,,,,,,,,,,,,,,,,,1,0,,3593_08trichloromethanemethane100
,,,,,,,,,,,,,,,,,,1,0,,3594_08trichloromethanemethane105
,,,,,,,,,,,,,,,,,,1,0,,3595_08trichloromethanemethane110
,,,,,,,,,,,,,,,,,,1,0,,3596_08trichloromethanemethane125
,,,,,,,,,,,,,,,,,,1,0,,3597_08trichloromethanemethane150
,,,,,,,,,,,,,,,,,,1,0,,3598_08trichloromethanemethane200
,,,,,,,,,,,,,,,,,,1,0,,3599_09fluoromethanedimer080
,,,,,,,,,,,,,,,,,,1,0,,3600_09fluoromethanedimer085
,,,,,,,,,,,,,,,,,,1,0,,3601_09fluoromethanedimer090
,,,,,,,,,,,,,,,,,,1,0,,3602_09fluoromethanedimer095
,,,,,,,,,,,,,,,,,,1,0,,3603_09fluoromethanedimer100
,,,,,,,,,,,,,,,,,,1,0,,3604_09fluoromethanedimer105
,,,,,,,,,,,,,,,,,,1,0,,3605_09fluoromethanedimer110
,,,,,,,,,,,,,,,,,,1,0,,3606_09fluoromethanedimer125
,,,,,,,,,,,,,,,,,,1,0,,3607_09fluoromethanedimer150
,,,,,,,,,,,,,,,,,,1,0,,3608_09fluoromethanedimer200
,,,,,,,,,,,,,,,,,,1,0,,3609_10chloromethanedimer080
,,,,,,,,,,,,,,,,,,1,0,,3610_10chloromethanedimer085
,,,,,,,,,,,,,,,,,,1,0,,3611_10chloromethanedimer090
,,,,,,,,,,,,,,,,,,1,0,,3612_10chloromethanedimer095
,,,,,,,,,,,,,,,,,,1,0,,3613_10chloromethanedimer100
,,,,,,,,,,,,,,,,,,1,0,,3614_10chloromethanedimer105
,,,,,,,,,,,,,,,,,,1,0,,3615_10chloromethanedimer110
,,,,,,,,,,,,,,,,,,1,0,,3616_10chloromethanedimer125
,,,,,,,,,,,,,,,,,,1,0,,3617_10chloromethanedimer150
,,,,,,,,,,,,,,,,,,1,0,,3618_10chloromethanedimer200
,,,,,,,,,,,,,,,,,,1,0,,3619_11F3benben080
,,,,,,,,,,,,,,,,,,1,0,,3620_11F3benben085
,,,,,,,,,,,,,,,,,,1,0,,3621_11F3benben090
,,,,,,,,,,,,,,,,,,1,0,,3622_11F3benben095
,,,,,,,,,,,,,,,,,,1,0,,3623_11F3benben100
,,,,,,,,,,,,,,,,,,1,0,,3624_11F3benben105
,,,,,,,,,,,,,,,,,,1,0,,3625_11F3benben110
,,,,,,,,,,,,,,,,,,1,0,,3626_11F3benben125
,,,,,,,,,,,,,,,,,,1,0,,3627_11F3benben150
,,,,,,,,,,,,,,,,,,1,0,,3628_11F3benben200
,,,,,,,,,,,,,,,,,,1,0,,3629_12F6benben080
,,,,,,,,,,,,,,,,,,1,0,,3630_12F6benben085
,,,,,,,,,,,,,,,,,,1,0,,3631_12F6benben090
,,,,,,,,,,,,,,,,,,1,0,,3632_12F6benben095
,,,,,,,,,,,,,,,,,,1,0,,3633_12F6benben100
,,,,,,,,,,,,,,,,,,1,0,,3634_12F6benben105
,,,,,,,,,,,,,,,,,,1,0,,3635_12F6benben110
,,,,,,,,,,,,,,,,,,1,0,,3636_12F6benben125
,,,,,,,,,,,,,,,,,,1,0,,3637_12F6benben150
,,,,,,,,,,,,,,,,,,1,0,,3638_12F6benben200
,,,,,,,,,,,,,,,,,,1,0,,3639_13chloromethanefmdh080
,,,,,,,,,,,,,,,,,,1,0,,3640_13chloromethanefmdh085
,,,,,,,,,,,,,,,,,,1,0,,3641_13chloromethanefmdh090
,,,,,,,,,,,,,,,,,,1,0,,3642_13chloromethanefmdh095
,,,,,,,,,,,,,,,,,,1,0,,3643_13chloromethanefmdh100
,,,,,,,,,,,,,,,,,,1,0,,3644_13chloromethanefmdh105
,,,,,,,,,,,,,,,,,,1,0,,3645_13chloromethanefmdh110
,,,,,,,,,,,,,,,,,,1,0,,3646_13chloromethanefmdh125
,,,,,,,,,,,,,,,,,,1,0,,3647_13chloromethanefmdh150
,,,,,,,,,,,,,,,,,,1,0,,3648_13chloromethanefmdh200
,,,,,,,,,,,,,,,,,,1,0,,3649_14bromomethanefmdh080
,,,,,,,,,,,,,,,,,,1,0,,3650_14bromomethanefmdh085
,,,,,,,,,,,,,,,,,,1,0,,3651_14bromomethanefmdh090
,,,,,,,,,,,,,,,,,,1,0,,3652_14bromomethanefmdh095
,,,,,,,,,,,,,,,,,,1,0,,3653_14bromomethanefmdh100
,,,,,,,,,,,,,,,,,,1,0,,3654_14bromomethanefmdh105
,,,,,,,,,,,,,,,,,,1,0,,3655_14bromomethanefmdh110
,,,,,,,,,,,,,,,,,,1,0,,3656_14bromomethanefmdh125
,,,,,,,,,,,,,,,,,,1,0,,3657_14bromomethanefmdh150
,,,,,,,,,,,,,,,,,,1,0,,3658_14bromomethanefmdh200
,,,,,,,,,,,,,,,,,,1,0,,3659_15iodomethanefmdh080
,,,,,,,,,,,,,,,,,,1,0,,3660_15iodomethanefmdh085
,,,,,,,,,,,,,,,,,,1,0,,3661_15iodomethanefmdh090
,,,,,,,,,,,,,,,,,,1,0,,3662_15iodomethanefmdh095
,,,,,,,,,,,,,,,,,,1,0,,3663_15iodomethanefmdh100
,,,,,,,,,,,,,,,,,,1,0,,3664_15iodomethanefmdh105
,,,,,,,,,,,,,,,,,,1,0,,3665_15iodomethanefmdh110
,,,,,,,,,,,,,,,,,,1,0,,3666_15iodomethanefmdh125
,,,,,,,,,,,,,,,,,,1,0,,3667_15iodomethanefmdh150
,,,,,,,,,,,,,,,,,,1,0,,3668_15iodomethanefmdh200
,,,,,,,,,,,,,,,,,,1,0,,3669_16F3chloromethanefmdh080
,,,,,,,,,,,,,,,,,,1,0,,3670_16F3chloromethanefmdh085
,,,,,,,,,,,,,,,,,,1,0,,3671_16F3chloromethanefmdh090
,,,,,,,,,,,,,,,,,,1,0,,3672_16F3chloromethanefmdh095
,,,,,,,,,,,,,,,,,,1,0,,3673_16F3chloromethanefmdh100
,,,,,,,,,,,,,,,,,,1,0,,3674_16F3chloromethanefmdh105
,,,,,,,,,,,,,,,,,,1,0,,3675_16F3chloromethanefmdh110
,,,,,,,,,,,,,,,,,,1,0,,3676_16F3chloromethanefmdh125
,,,,,,,,,,,,,,,,,,1,0,,3677_16F3chloromethanefmdh150
,,,,,,,,,,,,,,,,,,1,0,,3678_16F3chloromethanefmdh200
,,,,,,,,,,,,,,,,,,1,0,,3679_17F3bromomethanefmdh080
,,,,,,,,,,,,,,,,,,1,0,,3680_17F3bromomethanefmdh085
,,,,,,,,,,,,,,,,,,1,0,,3681_17F3bromomethanefmdh090
,,,,,,,,,,,,,,,,,,1,0,,3682_17F3bromomethanefmdh095
,,,,,,,,,,,,,,,,,,1,0,,3683_17F3bromomethanefmdh100
,,,,,,,,,,,,,,,,,,1,0,,3684_17F3bromomethanefmdh105
,,,,,,,,,,,,,,,,,,1,0,,3685_17F3bromomethanefmdh110
,,,,,,,,,,,,,,,,,,1,0,,3686_17F3bromomethanefmdh125
,,,,,,,,,,,,,,,,,,1,0,,3687_17F3bromomethanefmdh150
,,,,,,,,,,,,,,,,,,1,0,,3688_17F3bromomethanefmdh200
,,,,,,,,,,,,,,,,,,1,0,,3689_18F3iodomethanefmdh080
,,,,,,,,,,,,,,,,,,1,0,,3690_18F3iodomethanefmdh085
,,,,,,,,,,,,,,,,,,1,0,,3691_18F3iodomethanefmdh090
,,,,,,,,,,,,,,,,,,1,0,,3692_18F3iodomethanefmdh095
,,,,,,,,,,,,,,,,,,1,0,,3693_18F3iodomethanefmdh100
,,,,,,,,,,,,,,,,,,1,0,,3694_18F3iodomethanefmdh105
,,,,,,,,,,,,,,,,,,1,0,,3695_18F3iodomethanefmdh110
,,,,,,,,,,,,,,,,,,1,0,,3696_18F3iodomethanefmdh125
,,,,,,,,,,,,,,,,,,1,0,,3697_18F3iodomethanefmdh150
,,,,,,,,,,,,,,,,,,1,0,,3698_18F3iodomethanefmdh200
,,,,,,,,,,,,,,,,,,1,0,,3699_19benClacetone080
,,,,,,,,,,,,,,,,,,1,0,,3700_19benClacetone085
,,,,,,,,,,,,,,,,,,1,0,,3701_19benClacetone090
,,,,,,,,,,,,,,,,,,1,0,,3702_19benClacetone095
,,,,,,,,,,,,,,,,,,1,0,,3703_19benClacetone100
,,,,,,,,,,,,,,,,,,1,0,,3704_19benClacetone105
,,,,,,,,,,,,,,,,,,1,0,,3705_19benClacetone110
,,,,,,,,,,,,,,,,,,1,0,,3706_19benClacetone125
,,,,,,,,,,,,,,,,,,1,0,,3707_19benClacetone150
,,,,,,,,,,,,,,,,,,1,0,,3708_19benClacetone200
,,,,,,,,,,,,,,,,,,1,0,,3709_20benBracetone080
,,,,,,,,,,,,,,,,,,1,0,,3710_20benBracetone085
,,,,,,,,,,,,,,,,,,1,0,,3711_20benBracetone090
,,,,,,,,,,,,,,,,,,1,0,,3712_20benBracetone095
,,,,,,,,,,,,,,,,,,1,0,,3713_20benBracetone100
,,,,,,,,,,,,,,,,,,1,0,,3714_20benBracetone105
,,,,,,,,,,,,,,,,,,1,0,,3715_20benBracetone110
,,,,,,,,,,,,,,,,,,1,0,,3716_20benBracetone125
,,,,,,,,,,,,,,,,,,1,0,,3717_20benBracetone150
,,,,,,,,,,,,,,,,,,1,0,,3718_20benBracetone200
,,,,,,,,,,,,,,,,,,1,0,,3719_21benIacetone080
,,,,,,,,,,,,,,,,,,1,0,,3720_21benIacetone085
,,,,,,,,,,,,,,,,,,1,0,,3721_21benIacetone090
,,,,,,,,,,,,,,,,,,1,0,,3722_21benIacetone095
,,,,,,,,,,,,,,,,,,1,0,,3723_21benIacetone100
,,,,,,,,,,,,,,,,,,1,0,,3724_21benIacetone105
,,,,,,,,,,,,,,,,,,1,0,,3725_21benIacetone110
,,,,,,,,,,,,,,,,,,1,0,,3726_21benIacetone125
,,,,,,,,,,,,,,,,,,1,0,,3727_21benIacetone150
,,,,,,,,,,,,,,,,,,1,0,,3728_21benIacetone200
,,,,,,,,,,,,,,,,,,1,0,,3729_22benClNm3080
,,,,,,,,,,,,,,,,,,1,0,,3730_22benClNm3085
,,,,,,,,,,,,,,,,,,1,0,,3731_22benClNm3090
,,,,,,,,,,,,,,,,,,1,0,,3732_22benClNm3095
,,,,,,,,,,,,,,,,,,1,0,,3733_22benClNm3100
,,,,,,,,,,,,,,,,,,1,0,,3734_22benClNm3105
,,,,,,,,,,,,,,,,,,1,0,,3735_22benClNm3110
,,,,,,,,,,,,,,,,,,1,0,,3736_22benClNm3125
,,,,,,,,,,,,,,,,,,1,0,,3737_22benClNm3150
,,,,,,,,,,,,,,,,,,1,0,,3738_22benClNm3200
,,,,,,,,,,,,,,,,,,1,0,,3739_23benBrNm3080
,,,,,,,,,,,,,,,,,,1,0,,3740_23benBrNm3085
,,,,,,,,,,,,,,,,,,1,0,,3741_23benBrNm3090
,,,,,,,,,,,,,,,,,,1,0,,3742_23benBrNm3095
,,,,,,,,,,,,,,,,,,1,0,,3743_23benBrNm3100
,,,,,,,,,,,,,,,,,,1,0,,3744_23benBrNm3105
,,,,,,,,,,,,,,,,,,1,0,,3745_23benBrNm3110
,,,,,,,,,,,,,,,,,,1,0,,3746_23benBrNm3125
,,,,,,,,,,,,,,,,,,1,0,,3747_23benBrNm3150
,,,,,,,,,,,,,,,,,,1,0,,3748_23benBrNm3200
,,,,,,,,,,,,,,,,,,1,0,,3749_24benINm3080
,,,,,,,,,,,,,,,,,,1,0,,3750_24benINm3085
,,,,,,,,,,,,,,,,,,1,0,,3751_24benINm3090
,,,,,,,,,,,,,,,,,,1,0,,3752_24benINm3095
,,,,,,,,,,,,,,,,,,1,0,,3753_24benINm3100
,,,,,,,,,,,,,,,,,,1,0,,3754_24benINm3105
,,,,,,,,,,,,,,,,,,1,0,,3755_24benINm3110
,,,,,,,,,,,,,,,,,,1,0,,3756_24benINm3125
,,,,,,,,,,,,,,,,,,1,0,,3757_24benINm3150
,,,,,,,,,,,,,,,,,,1,0,,3758_24benINm3200
,,,,,,,,,,,,,,,,,,1,0,,3759_25benBrmSH080
,,,,,,,,,,,,,,,,,,1,0,,3760_25benBrmSH085
,,,,,,,,,,,,,,,,,,1,0,,3761_25benBrmSH090
,,,,,,,,,,,,,,,,,,1,0,,3762_25benBrmSH095
,,,,,,,,,,,,,,,,,,1,0,,3763_25benBrmSH100
,,,,,,,,,,,,,,,,,,1,0,,3764_25benBrmSH105
,,,,,,,,,,,,,,,,,,1,0,,3765_25benBrmSH110
,,,,,,,,,,,,,,,,,,1,0,,3766_25benBrmSH125
,,,,,,,,,,,,,,,,,,1,0,,3767_25benBrmSH150
,,,,,,,,,,,,,,,,,,1,0,,3768_25benBrmSH200
,,,,,,,,,,,,,,,,,,1,0,,3769_26benImSH080
,,,,,,,,,,,,,,,,,,1,0,,3770_26benImSH085
,,,,,,,,,,,,,,,,,,1,0,,3771_26benImSH090
,,,,,,,,,,,,,,,,,,1,0,,3772_26benImSH095
,,,,,,,,,,,,,,,,,,1,0,,3773_26benImSH100
,,,,,,,,,,,,,,,,,,1,0,,3774_26benImSH105
,,,,,,,,,,,,,,,,,,1,0,,3775_26benImSH110
,,,,,,,,,,,,,,,,,,1,0,,3776_26benImSH125
,,,,,,,,,,,,,,,,,,1,0,,3777_26benImSH150
,,,,,,,,,,,,,,,,,,1,0,,3778_26benImSH200
,,,,,,,,,,,,,,,,,,1,0,,3779_27CH3Brben080
,,,,,,,,,,,,,,,,,,1,0,,3780_27CH3Brben085
,,,,,,,,,,,,,,,,,,1,0,,3781_27CH3Brben090
,,,,,,,,,,,,,,,,,,1,0,,3782_27CH3Brben095
,,,,,,,,,,,,,,,,,,1,0,,3783_27CH3Brben100
,,,,,,,,,,,,,,,,,,1,0,,3784_27CH3Brben105
,,,,,,,,,,,,,,,,,,1,0,,3785_27CH3Brben110
,,,,,,,,,,,,,,,,,,1,0,,3786_27CH3Brben125
,,,,,,,,,,,,,,,,,,1,0,,3787_27CH3Brben150
,,,,,,,,,,,,,,,,,,1,0,,3788_27CH3Brben200
,,,,,,,,,,,,,,,,,,1,0,,3789_28CH3Iben080
,,,,,,,,,,,,,,,,,,1,0,,3790_28CH3Iben085
,,,,,,,,,,,,,,,,,,1,0,,3791_28CH3Iben090
,,,,,,,,,,,,,,,,,,1,0,,3792_28CH3Iben095
,,,,,,,,,,,,,,,,,,1,0,,3793_28CH3Iben100
,,,,,,,,,,,,,,,,,,1,0,,3794_28CH3Iben105
,,,,,,,,,,,,,,,,,,1,0,,3795_28CH3Iben110
,,,,,,,,,,,,,,,,,,1,0,,3796_28CH3Iben125
,,,,,,,,,,,,,,,,,,1,0,,3797_28CH3Iben150
,,,,,,,,,,,,,,,,,,1,0,,3798_28CH3Iben200
,,,,,,,,,,,,,,,,,,1,0,,3799_29CF3Brben080
,,,,,,,,,,,,,,,,,,1,0,,3800_29CF3Brben085
,,,,,,,,,,,,,,,,,,1,0,,3801_29CF3Brben090
,,,,,,,,,,,,,,,,,,1,0,,3802_29CF3Brben095
,,,,,,,,,,,,,,,,,,1,0,,3803_29CF3Brben100
,,,,,,,,,,,,,,,,,,1,0,,3804_29CF3Brben105
,,,,,,,,,,,,,,,,,,1,0,,3805_29CF3Brben110
,,,,,,,,,,,,,,,,,,1,0,,3806_29CF3Brben125
,,,,,,,,,,,,,,,,,,1,0,,3807_29CF3Brben150
,,,,,,,,,,,,,,,,,,1,0,,3808_29CF3Brben200
,,,,,,,,,,,,,,,,,,1,0,,3809_30CF3Iben080
,,,,,,,,,,,,,,,,,,1,0,,3810_30CF3Iben085
,,,,,,,,,,,,,,,,,,1,0,,3811_30CF3Iben090
,,,,,,,,,,,,,,,,,,1,0,,3812_30CF3Iben095
,,,,,,,,,,,,,,,,,,1,0,,3813_30CF3Iben100
,,,,,,,,,,,,,,,,,,1,0,,3814_30CF3Iben105
,,,,,,,,,,,,,,,,,,1,0,,3815_30CF3Iben110
,,,,,,,,,,,,,,,,,,1,0,,3816_30CF3Iben125
,,,,,,,,,,,,,,,,,,1,0,,3817_30CF3Iben150
,,,,,,,,,,,,,,,,,,1,0,,3818_30CF3Iben200
,,,,,,,,,,,,,,,,,,1,0,,3819_31trifluorometOHwat080
,,,,,,,,,,,,,,,,,,1,0,,3820_31trifluorometOHwat085
,,,,,,,,,,,,,,,,,,1,0,,3821_31trifluorometOHwat090
,,,,,,,,,,,,,,,,,,1,0,,3822_31trifluorometOHwat095
,,,,,,,,,,,,,,,,,,1,0,,3823_31trifluorometOHwat100
,,,,,,,,,,,,,,,,,,1,0,,3824_31trifluorometOHwat105
,,,,,,,,,,,,,,,,,,1,0,,3825_31trifluorometOHwat110
,,,,,,,,,,,,,,,,,,1,0,,3826_31trifluorometOHwat125
,,,,,,,,,,,,,,,,,,1,0,,3827_31trifluorometOHwat150
,,,,,,,,,,,,,,,,,,1,0,,3828_31trifluorometOHwat200
,,,,,,,,,,,,,,,,,,1,0,,3829_32trichlorometOHwat080
,,,,,,,,,,,,,,,,,,1,0,,3830_32trichlorometOHwat085
,,,,,,,,,,,,,,,,,,1,0,,3831_32trichlorometOHwat090
,,,,,,,,,,,,,,,,,,1,0,,3832_32trichlorometOHwat095
,,,,,,,,,,,,,,,,,,1,0,,3833_32trichlorometOHwat100
,,,,,,,,,,,,,,,,,,1,0,,3834_32trichlorometOHwat105
,,,,,,,,,,,,,,,,,,1,0,,3835_32trichlorometOHwat110
,,,,,,,,,,,,,,,,,,1,0,,3836_32trichlorometOHwat125
,,,,,,,,,,,,,,,,,,1,0,,3837_32trichlorometOHwat150
,,,,,,,,,,,,,,,,,,1,0,,3838_32trichlorometOHwat200
,,,,,,,,,,,,,,,,,,1,0,,3839_33HFmethanol080
,,,,,,,,,,,,,,,,,,1,0,,3840_33HFmethanol085
,,,,,,,,,,,,,,,,,,1,0,,3841_33HFmethanol090
,,,,,,,,,,,,,,,,,,1,0,,3842_33HFmethanol095
,,,,,,,,,,,,,,,,,,1,0,,3843_33HFmethanol100
,,,,,,,,,,,,,,,,,,1,0,,3844_33HFmethanol105
,,,,,,,,,,,,,,,,,,1,0,,3845_33HFmethanol110
,,,,,,,,,,,,,,,,,,1,0,,3846_33HFmethanol125
,,,,,,,,,,,,,,,,,,1,0,,3847_33HFmethanol150
,,,,,,,,,,,,,,,,,,1,0,,3848_33HFmethanol200
,,,,,,,,,,,,,,,,,,1,0,,3849_37HFmethylamine080
,,,,,,,,,,,,,,,,,,1,0,,3850_37HFmethylamine085
,,,,,,,,,,,,,,,,,,1,0,,3851_37HFmethylamine090
,,,,,,,,,,,,,,,,,,1,0,,3852_37HFmethylamine095
,,,,,,,,,,,,,,,,,,1,0,,3853_37HFmethylamine100
,,,,,,,,,,,,,,,,,,1,0,,3854_37HFmethylamine105
,,,,,,,,,,,,,,,,,,1,0,,3855_37HFmethylamine110
,,,,,,,,,,,,,,,,,,1,0,,3856_37HFmethylamine125
,,,,,,,,,,,,,,,,,,1,0,,3857_37HFmethylamine150
,,,,,,,,,,,,,,,,,,1,0,,3858_37HFmethylamine200
,,,,,,,,,,,,,,,,,,1,0,,3859_38HClmethylamine080
,,,,,,,,,,,,,,,,,,1,0,,3860_38HClmethylamine085
,,,,,,,,,,,,,,,,,,1,0,,3861_38HClmethylamine090
,,,,,,,,,,,,,,,,,,1,0,,3862_38HClmethylamine095
,,,,,,,,,,,,,,,,,,1,0,,3863_38HClmethylamine100
,,,,,,,,,,,,,,,,,,1,0,,3864_38HClmethylamine105
,,,,,,,,,,,,,,,,,,1,0,,3865_38HClmethylamine110
,,,,,,,,,,,,,,,,,,1,0,,3866_38HClmethylamine125
,,,,,,,,,,,,,,,,,,1,0,,3867_38HClmethylamine150
,,,,,,,,,,,,,,,,,,1,0,,3868_38HClmethylamine200
,,,,,,,,,,,,,,,,,,1,0,,3869_34HClmethanol080
,,,,,,,,,,,,,,,,,,1,0,,3870_34HClmethanol085
,,,,,,,,,,,,,,,,,,1,0,,3871_34HClmethanol090
,,,,,,,,,,,,,,,,,,1,0,,3872_34HClmethanol095
,,,,,,,,,,,,,,,,,,1,0,,3873_34HClmethanol100
,,,,,,,,,,,,,,,,,,1,0,,3874_34HClmethanol105
,,,,,,,,,,,,,,,,,,1,0,,3875_34HClmethanol110
,,,,,,,,,,,,,,,,,,1,0,,3876_34HClmethanol125
,,,,,,,,,,,,,,,,,,1,0,,3877_34HClmethanol150
,,,,,,,,,,,,,,,,,,1,0,,3878_34HClmethanol200
,,,,,,,,,,,,,,,,,,1,0,,3879_35HBrmethanol080
,,,,,,,,,,,,,,,,,,1,0,,3880_35HBrmethanol085
,,,,,,,,,,,,,,,,,,1,0,,3881_35HBrmethanol090
,,,,,,,,,,,,,,,,,,1,0,,3882_35HBrmethanol095
,,,,,,,,,,,,,,,,,,1,0,,3883_35HBrmethanol100
,,,,,,,,,,,,,,,,,,1,0,,3884_35HBrmethanol105
,,,,,,,,,,,,,,,,,,1,0,,3885_35HBrmethanol110
,,,,,,,,,,,,,,,,,,1,0,,3886_35HBrmethanol125
,,,,,,,,,,,,,,,,,,1,0,,3887_35HBrmethanol150
,,,,,,,,,,,,,,,,,,1,0,,3888_35HBrmethanol200
,,,,,,,,,,,,,,,,,,1,0,,3889_36HImethanol080
,,,,,,,,,,,,,,,,,,1,0,,3890_36HImethanol085
,,,,,,,,,,,,,,,,,,1,0,,3891_36HImethanol090
,,,,,,,,,,,,,,,,,,1,0,,3892_36HImethanol095
,,,,,,,,,,,,,,,,,,1,0,,3893_36HImethanol100
,,,,,,,,,,,,,,,,,,1,0,,3894_36HImethanol105
,,,,,,,,,,,,,,,,,,1,0,,3895_36HImethanol110
,,,,,,,,,,,,,,,,,,1,0,,3896_36HImethanol125
,,,,,,,,,,,,,,,,,,1,0,,3897_36HImethanol150
,,,,,,,,,,,,,,,,,,1,0,,3898_36HImethanol200
,,,,,,,,,,,,,,,,,,1,0,,3899_39methanolfluoromethane080
,,,,,,,,,,,,,,,,,,1,0,,3900_39methanolfluoromethane085
,,,,,,,,,,,,,,,,,,1,0,,3901_39methanolfluoromethane090
,,,,,,,,,,,,,,,,,,1,0,,3902_39methanolfluoromethane095
,,,,,,,,,,,,,,,,,,1,0,,3903_39methanolfluoromethane100
,,,,,,,,,,,,,,,,,,1,0,,3904_39methanolfluoromethane105
,,,,,,,,,,,,,,,,,,1,0,,3905_39methanolfluoromethane110
,,,,,,,,,,,,,,,,,,1,0,,3906_39methanolfluoromethane125
,,,,,,,,,,,,,,,,,,1,0,,3907_39methanolfluoromethane150
,,,,,,,,,,,,,,,,,,1,0,,3908_39methanolfluoromethane200
,,,,,,,,,,,,,,,,,,1,0,,3909_40methanolchloromethane080
,,,,,,,,,,,,,,,,,,1,0,,3910_40methanolchloromethane085
,,,,,,,,,,,,,,,,,,1,0,,3911_40methanolchloromethane090
,,,,,,,,,,,,,,,,,,1,0,,3912_40methanolchloromethane095
,,,,,,,,,,,,,,,,,,1,0,,3913_40methanolchloromethane100
,,,,,,,,,,,,,,,,,,1,0,,3914_40methanolchloromethane105
,,,,,,,,,,,,,,,,,,1,0,,3915_40methanolchloromethane110
,,,,,,,,,,,,,,,,,,1,0,,3916_40methanolchloromethane125
,,,,,,,,,,,,,,,,,,1,0,,3917_40methanolchloromethane150
,,,,,,,,,,,,,,,,,,1,0,,3918_40methanolchloromethane200
